Location,CowTagID,del15N,C_N,N_percent,LiveCoral,DeadCoral,Rubble,Sand,lat,lon,dist_to_seep_m,adj_CT_depth_cm,meanRugosity,complexity,AlphaTag
Varari,V1,5,27.69463087,1.108259883,39.81042654028436,41.70616113744076,0,18.48341232227488,-17.53975298,-149.900506,138.8887466163881,76.6,0.665024630541872,0.334975369458128,T
Varari,V2,4.8,30.28793774,1.036791996,21.21212121212121,63.13131313131313,3.0303030303030303,12.626262626262626,-17.53989003,-149.900519,134.17932919465028,69.19999999999999,0.638752052545156,0.361247947454844,S
Varari,V3,4.3,29.70921986,1.116301164,13.675213675213676,70.51282051282051,1.7094017094017095,14.102564102564102,-17.54012598,-149.90056,131.9140795925478,52,0.6141215106732348,0.38587848932676516,R
Varari,V4,4,29.21212121,1.118264995,9.714285714285714,51.42857142857142,21.142857142857142,17.71428571428571,-17.54024902,-149.900454,119.34522034056933,58.7,0.671592775041051,0.32840722495894903,P
Varari,V5,4.1,33.60384615,1.013368671,28.691983122362867,43.459915611814345,3.375527426160337,24.47257383966245,-17.54025003,-149.900336,106.83120808576328,70.9,0.5582922824302134,0.44170771756978655,O
Varari,V6,5,28.41114983,1.161003236,21.19815668202765,45.16129032258064,6.912442396313365,26.72811059907834,-17.54002498,-149.900106,87.85163569395478,67.69999999999999,0.7717569786535304,0.22824302134646957,M
Varari,V7,4.7,28.9862543,1.119187724,4.910714285714286,43.30357142857143,2.232142857142857,49.55357142857143,-17.54004803,-149.899985,74.95438051545834,45.9,0.7274220032840724,0.27257799671592764,J
Varari,V8,5.1,28.97014925,1.083353545,13.725490196078432,68.13725490196079,1.9607843137254901,16.176470588235293,-17.54014903,-149.899896,62.34195112810806,37.9,0.5878489326765189,0.41215106732348106,I
Varari,V9,3.9,31.95864662,1.017597552,50.27027027027027,7.567567567567568,4.324324324324325,37.83783783783784,-17.540245,-149.899765,46.50132202541964,77,0.7257799671592776,0.2742200328407224,E
Varari,V10,4,28.62587413,1.155275489,16.75977653631285,77.09497206703911,2.793296089385475,3.35195530726257,-17.54030501,-149.899788,48.50883372723496,32.9,0.5303776683087028,0.4696223316912972,F
Varari,V11,4.3,31.08724832,1.111857324,15.238095238095239,60.476190476190474,12.857142857142856,11.428571428571429,-17.54019303,-149.900068,79.1628654576409,50.8,0.5303776683087028,0.4696223316912972,K
Varari,V12,4.4,31.03816794,1.008041245,23.14814814814815,39.81481481481482,15.277777777777779,21.75925925925926,-17.54030996,-149.900112,82.90297374776212,59.5,0.6338259441707718,0.36617405582922824,L
Varari,V13,3.9,34.636,0.97855018,2.3041474654377883,50.23041474654379,2.7649769585253456,44.70046082949309,-17.540749,-149.899133,-54.01600899626882,72.80000000000001,NA,NA,NA
Varari,V14,4.7,25.52012384,1.213920625,0,4.739336492890995,0,95.260663507109,-17.54039696,-149.899396,12.6231845635526,61.8,0.8160919540229885,0.1839080459770115,B
Varari,V15,4.7,28.4924812,1.120094324,25.688073394495415,65.59633027522935,6.422018348623854,2.293577981651376,-17.54014299,-149.900183,92.1505184174103,43.50000000000001,0.5467980295566502,0.45320197044334976,N
Varari,V16,3.6,35.77253219,0.930734201,10.599078341013826,18.433179723502306,9.67741935483871,61.29032258064516,-17.54029797,-149.900492,123.2336688132408,75.7,0.8620689655172414,0.13793103448275856,Q
Varari,V17,4.4,29.85409253,1.074693081,0,17.727272727272727,0,82.27272727272728,-17.54031901,-149.899572,25.65062043752721,69.2,0.8571428571428572,0.1428571428571428,D
Varari,V18,4.6,30.3878327,1.052378856,10.050251256281408,74.87437185929649,7.035175879396985,8.040201005025125,-17.54019697,-149.899906,62.142456467864776,31.500000000000007,0.6124794745484402,0.3875205254515598,H
Varari,V19,3.9,30.94736842,1.02908091,18.13953488372093,33.48837209302326,8.372093023255815,40,-17.54050802,-149.89978,52.88953478112327,82.9,0.7651888341543516,0.23481116584564843,G
Varari,V20,4,30.21292776,1.099130726,5.527638190954774,16.582914572864322,0,77.88944723618091,-17.54045103,-149.899509,25.143455195536596,65,0.8111658456486044,0.1888341543513956,C
Varari,Sand_SGD_1,7.5,23.09677419,1.265165288,0,0.9389671361502347,6.103286384976526,92.95774647887323,NA,NA,NA,NA,NA,NA,NA
Varari,Reef_SGD_1,4.3,30.72972973,0.997342986,NA,NA,NA,NA,NA,NA,NA,NA,NA,NA,NA
Varari,Reef_Ambient_1,4.1,31.44396552,0.937032998,24.299065420560748,56.074766355140184,5.14018691588785,14.485981308411214,NA,NA,NA,NA,NA,NA,NA
Varari,Sand_Ambient_1,4.4,32.62621359,0.853249389,NA,NA,NA,NA,NA,NA,NA,NA,NA,NA,NA
Varari,Reef_SGD_2,4.4,25.40924092,1.155694561,NA,NA,NA,NA,NA,NA,NA,NA,NA,NA,NA
Varari,Reef_Ambient_2,4.2,31.70833333,0.970659607,44.13145539906103,50.70422535211267,2.8169014084507045,2.3474178403755865,NA,NA,NA,NA,NA,NA,NA
Varari,Sand_SGD_2,4.9,28.97637795,1.02394582,0,3.7037037037037033,11.574074074074074,84.72222222222221,NA,NA,NA,NA,NA,NA,NA
Varari,Sand_Ambient_2,4.5,30.34661355,0.979091902,NA,NA,NA,NA,NA,NA,NA,NA,NA,NA,NA
Varari,Reef_SGD_3,5.3,25.09090909,1.199261993,NA,NA,NA,NA,NA,NA,NA,NA,NA,NA,NA
Varari,Reef_Ambient_3,4.2,34.41395349,0.867495158,NA,NA,NA,NA,NA,NA,NA,NA,NA,NA,NA
Varari,VSEEP,7.2,22.51840491,1.238272496,0,2.5,0,97.5,-17.540302,-149.899331,0,39.900000000000006,0.97,0.030000000000000027,A
Varari,Sand_Ambient_3,4.1,34.19815668,0.809097688,NA,NA,NA,NA,NA,NA,NA,NA,NA,NA,NA
Varari,RockWall_SGD_1,NA,NA,NA,0.45045045045045046,87.38738738738738,0,12.162162162162163,NA,NA,NA,NA,NA,NA,NA
Varari,RockWall_SGD_2,NA,NA,NA,0.45045045045045046,85.13513513513513,0,14.414414414414415,NA,NA,NA,NA,NA,NA,NA
Varari,RockWall_SGD_3,NA,NA,NA,1.8433179723502304,73.27188940092167,0.9216589861751152,23.963133640552993,NA,NA,NA,NA,NA,NA,NA
